in_group,PV_mean,PV_std,PV_count
0,-34.796751740139214,111.06423851830921,2155
1,-40.65909090909091,192.02026887071713,132
